family,n,heap_time,heap_ops,list_time,list_ops,heap_rooms,list_rooms,lower_bound,seed
supplied data,40,1.6700010746717453e-05,40,2.4899840354919434e-05,156,10,10,10,"n/a (supplied data, not generated)"
high overlap,10,3.4999102354049683e-06,10,7.100170478224754e-06,45,10,10,10,20260927
high overlap,50,2.1700048819184303e-05,50,0.0001737999264150858,1225,50,50,50,20260927
high overlap,100,3.6800047382712364e-05,100,0.0005227001383900642,4950,100,100,100,20260927
high overlap,500,0.00021330011077225208,500,0.014093700097873807,124750,500,500,500,20260927
high overlap,1000,0.0003575000446289778,1000,0.06318789999932051,499500,1000,1000,1000,20260927
high overlap,2000,0.0011388000566512346,2000,0.2596859000623226,1999000,2000,2000,2000,20260927
high overlap,5000,0.002250300021842122,5000,1.6681745999958366,12497500,5000,5000,5000,20260927
fixed rooms,10,3.8000289350748062e-06,10,5.09992241859436e-06,25,5,5,5,20260927
fixed rooms,50,1.929979771375656e-05,50,2.559996210038662e-05,144,5,5,5,20260927
fixed rooms,100,4.169996827840805e-05,100,5.470006726682186e-05,286,5,5,5,20260927
fixed rooms,500,0.0001892999280244112,500,0.00027600000612437725,1475,5,5,5,20260927
fixed rooms,1000,0.000579100102186203,1000,0.0005791999865323305,2973,5,5,5,20260927
fixed rooms,2000,0.0009572999551892281,2000,0.0011353001464158297,5967,5,5,5,20260927
fixed rooms,5000,0.00234519992955029,5000,0.0031262000557035208,14958,5,5,5,20260927
